{"cameraMode":{"drawMode":0,"name":"Shaded","section":"Shading Mode"},"sceneLighting":false,"audioPlay":false,"sceneViewState":{"m_AlwaysRefresh":false,"showFog":false,"showSkybox":false,"showFlares":false,"showImageEffects":false,"showParticleSystems":false,"showVisualEffectGraphs":true,"m_FxEnabled":true},"in2DMode":false,"pivot":{"x":-0.15451669692993165,"y":0.27070796489715578,"z":-1.0822027921676636},"rotation":{"x":0.010148589499294758,"y":-0.9393392205238342,"z":-0.02789754420518875,"w":-0.3417088985443115},"size":1.6088721752166749,"orthographic":false}