{"cameraMode":{"drawMode":0,"name":"Shaded","section":"Shading Mode"},"sceneLighting":false,"audioPlay":false,"sceneViewState":{"m_AlwaysRefresh":false,"showFog":false,"showSkybox":false,"showFlares":false,"showImageEffects":false,"showParticleSystems":false,"showVisualEffectGraphs":true,"m_FxEnabled":true},"in2DMode":false,"pivot":{"x":-0.09735789895057678,"y":0.06718280911445618,"z":0.24696066975593568},"rotation":{"x":0.006425488740205765,"y":0.9842740893363953,"z":0.036622438579797748,"w":-0.17270666360855103},"size":0.188466876745224,"orthographic":false}